,username,first_name,last_name,company
0,stuartprice,Stuart,Price,
1,philipprice,Philip,Price,
2,Marlvin,,,
3,,Janet,Vasquez,
4,ngordon,Michael,Maxwell,
5,sharonberry,Anthony,Stevens,
6,hallchris,Matthew,Lopez,
7,alexvaughn,Ashley,Hicks,
8,roachthomas,Lawrence,Wu,
9,johnnywoods,Joanne,Davis,
10,xwarren,Deborah,Hendricks,
11,tharris,Danielle,Mason,
12,daringuzman,Kyle,Dennis,
13,spencerjeffrey,Jennifer,Escobar,
14,gilbertemily,Christine,Marquez,
15,ygriffin,Meghan,Brown,
16,pmason,Jessica,Fisher,
17,john52,Heather,King,
18,margaret52,Julie,Bowers,
19,coreyholloway,Sandra,Martinez,
20,john88,Yesenia,Huffman,
21,frank68,Monique,Wilson,
22,christopherhudson,Christopher,Alexander,
23,amanda68,Lindsey,Wilson,
24,ktodd,Kanye Lamar j,"Todd,",
25,Future,Future Hendrix,Hendrixxx,
26,jhernandez,Javier,Hernandez,
27,neo,,,
28,samsepiol,Samuel,Sepiol,
29,angelamoss,Angela,Moss,
30,tyrellwellick,Tyrell,Wellick,
31,Akim,Akim,Manew,
32,elliotalderson,Elliot,Alderson,
33,whiterose,White,Rose,
34,morpheus,Morpheus,KingOfSleep,
